{
  "board": [
    {
      "boardId": 9,
      "userId": "hoho",
      "nickname": "호호",
      "profileImg": "/img/123/profile.jpg",
      "contents": "나 성공했다성공했다성공했다성공했다성공했다성공했다성공했다성공했다성공했다성공했다성공했다성공했다성공했다성공했다성공했다성공했다성공했다성공했다성공했다성공했다성공했다성공했다성공했다",
      "image": "/img/123",
      "categoryId": 8,
      "categoryName": "교통비",
      "goalItemId": 10,
      "goalItemName": "택시비",
      "likeCount": 0,
      "checkLike": true,
      "createdAt": "2022-04-29 13:00"
    },
    {
      "boardId": 10,
      "userId": "hoho22",
      "nickname": "호호22",
      "profileImg": "/img/123/profile.jpg",
      "contents": "나 성공했다22",
      "image": "/img/123",
      "categoryId": 8,
      "categoryName": "교통비",
      "goalItemId": 10,
      "goalItemName": "신발",
      "likeCount": 0,
      "checkLike": true,
      "createdAt": "2022-04-29 12:00",
      "id": 2
    },
    {
      "boardId": 11,
      "userId": "hoho221",
      "nickname": "호호2112",
      "profileImg": "/img/123/profile.jpg",
      "contents": "나 성공했나??",
      "image": "/img/123",
      "categoryId": 8,
      "categoryName": "교통비",
      "goalItemId": 10,
      "goalItemName": "핸드폰",
      "likeCount": 0,
      "checkLike": true,
      "createdAt": "2022-04-30 13:00",
      "id": 3
    },
    {
      "boardId": 12,
      "userId": "hoho22222",
      "nickname": "이이이",
      "profileImg": "/img/123/profile.jpg",
      "contents": "나 성공했다22",
      "image": "/img/123",
      "categoryId": 8,
      "categoryName": "교통비",
      "goalItemId": 10,
      "goalItemName": "커피머신",
      "likeCount": 0,
      "checkLike": true,
      "createdAt": "2022-04-29 21:00",
      "id": 4
    },
    {
      "boardId": 13,
      "userId": "hoho22",
      "nickname": "호호22",
      "profileImg": "/img/123/profile.jpg",
      "contents": "나 성공했다22",
      "image": "/img/123",
      "categoryId": 8,
      "categoryName": "교통비",
      "goalItemId": 10,
      "goalItemName": "옷",
      "likeCount": 0,
      "checkLike": true,
      "createdAt": "2022-04-29 22:00",
      "id": 5
    },
    {
      "boardId": 14,
      "userId": "hoho22",
      "nickname": "호호22",
      "profileImg": "/img/123/profile.jpg",
      "contents": "나 성공했다22",
      "image": "/img/123",
      "categoryId": 8,
      "categoryName": "교통비",
      "goalItemId": 10,
      "goalItemName": "택시비",
      "likeCount": 0,
      "checkLike": true,
      "createdAt": "2022-04-29 13:00",
      "id": 6
    },
    {
      "boardId": 15,
      "userId": "hoho22",
      "nickname": "호호22",
      "profileImg": "/img/123/profile.jpg",
      "contents": "나 성공했다22",
      "image": "/img/123",
      "categoryId": 8,
      "categoryName": "교통비",
      "goalItemId": 10,
      "goalItemName": "택시비",
      "likeCount": 0,
      "checkLike": true,
      "createdAt": "2022-04-29 13:00",
      "id": 7
    },
    {
      "boardId": 16,
      "userId": "hoho33",
      "nickname": "호호33",
      "profileImg": "/img/123/profile.jpg",
      "contents": "나 성공했다33",
      "image": "/img/123",
      "categoryId": 8,
      "categoryName": "교통비",
      "goalItemId": 10,
      "goalItemName": "택시비",
      "likeCount": 0,
      "checkLike": true,
      "createdAt": "2022-04-29 13:00",
      "id": 8
    }
  ],
  "comment": [
    {
      "result": true,
      "respMsg": "댓글을 조회하였습니다.",
      "commentId": 1,
      "nickname": "가1나다",
      "comment": "일번",
      "createdAt": "2022-02-12 14:23",
      "modifiedAt": "2022-02-12 14:23"
    },
    {
      "result": true,
      "respMsg": "댓글을 조회하였습니다2.",
      "commentId": 2,
      "nickname": "가나다2",
      "comment": "이번다2",
      "createdAt": "2022-02-12 14:23",
      "modifiedAt": "2022-02-12 14:23"
    },
    {
      "result": true,
      "respMsg": "댓글을 조회하였습니다2.",
      "commentId": 2,
      "nickname": "가나다22",
      "comment": "이번2",
      "createdAt": "2022-02-12 14:23",
      "modifiedAt": "2022-02-12 14:23"
    },
    {
      "result": true,
      "respMsg": "댓글을 조회하였습니다2.",
      "commentId": 3,
      "nickname": "가나다33",
      "comment": "삭제합삼번2",
      "createdAt": "2022-02-12 14:23",
      "modifiedAt": "2022-02-12 14:23"
    }
    
  ],

  "savedItem": [
    {
      "boardId": 9,
      "userId": "hoho",
      "price": 200000,
      "totalPrice": 200000,
      "createdAt": "2022-04-29 13:00",
      "modifiedAt": "2022-04-29 13:00",
      "savedItemTotalPrice": 230000,
      "categoryId": 8,
      "categoryName": "교통비",
      "savedItemId": 1,
      "savedItemName": "택시비",
      "count": 7
    },
    {
      "boardId": 9,
      "userId": "hoho",
      "price": 200000,
      "totalPrice": 200000,
      "createdAt": "2022-04-29 13:00",
      "modifiedAt": "2022-04-29 13:00",
      "savedItemTotalPrice": 230000,
      "categoryId": 8,
      "categoryName": "교통비",
      "savedItemId": 1,
      "savedItemName": "택시비",
      "count": 7
    }
  ]
}